name	file	books
Aegnor	aegnor.png	silm
Aerin	aerin.png	ut
Aldarion	aldarion.png	ut
Amandil	amandil.png	silm
Amrod	amrod.png	silm
Amroth	amroth.png	ut
Anarion	anarion.png	silm
Ancalime	ancalime.png	ut
Angrod	angrod.png	silm
Annael	annael.png	ut
Ar-Pharazon	ar-pharazon.png	silm
Aragorn	aragorn.png	lotr,ut
Aredhel	aredhel.png	silm
Barahir	barahir.png	silm
Bard	bard.png	hobbit
Beleg	beleg.png	silm,ut
Beor	beor.png	silm
Beren	beren.png	silm
Bilbo	bilbo.png	hobbit,lotr,ut
Boromir	boromir.png	lotr
Brandir	brandir.png	ut
Caranthir	caranthir.png	silm
Celeborn	celeborn.png	ut
Celebrimbor	celebrimbor.png	silm,ut
Celegorm	celegorm.png	silm
Cirdan	cirdan.png	silm
Cirion	cirion.png	ut
Curufin	curufin.png	silm
Denethor	denethor.png	lotr
Denethor of the Laiquendi	denethor-of-the-laiquendi.png	silm
Dior	dior.png	silm
Dwarves	dwarves.png	silm
Earendil	earendil.png	silm
Elendil	elendil.png	silm
Elendur	elendur.png	ut
Elfhelm	elfhelm.png	ut
Elrond	elrond.png	silm
Elros	elros.png	silm
Elwing	elwing.png	silm
Eol	eol.png	silm
Eomer	eomer.png	lotr
Eorl	eorl.png	ut
Eowyn	eowyn.png	lotr
Erendis	erendis.png	ut
Erkenbrand	erkenbrand.png	ut
Faramir	faramir.png	lotr
Feanor	feanor.png	silm
Finduilas	finduilas.png	silm,ut
Fingolfin	fingolfin.png	silm
Fingon	fingon.png	silm
Finrod	finrod.png	silm
Frodo	frodo.png	lotr
Galadriel	galadriel.png	silm,ut
Gandalf	gandalf.png	hobbit,lotr,silm,ut
Gil-galad	gil-galad.png	silm
Gimli	gimli.png	lotr
Glaurung	glaurung.png	silm,ut
Gollum	gollum.png	hobbit,lotr,ut
Grima	grima.png	ut
Grimbold	grimbold.png	ut
Gwindor	gwindor.png	silm,ut
Hador	hador.png	silm
Haladin	haladin.png	silm
Huor	huor.png	silm
Hurin	hurin.png	silm,ut
Idril	idril.png	silm
Isildur	isildur.png	silm,ut
Lalaith	lalaith.png	ut
Legolas	legolas.png	lotr
Luthien	luthien.png	silm
Mablung	mablung.png	ut
Maedhros	maedhros.png	silm
Maeglin	maeglin.png	silm
Maglor	maglor.png	silm
Marach	marach.png	silm
Melian	melian.png	silm,ut
Meneldur	meneldur.png	ut
Merry	merry.png	lotr
Mim	mim.png	silm,ut
Morgoth	morgoth.png	silm
Morwen	morwen.png	silm,ut
Nienor	nienor.png	silm,ut
Nimrodel	nimrodel.png	ut
Ohtar	ohtar.png	ut
Orodreth	orodreth.png	silm,ut
Pippin	pippin.png	lotr
Sador	sador.png	ut
Saeros	saeros.png	ut
Sam	sam.png	lotr
Saruman	saruman.png	lotr,silm,ut
Sauron	sauron.png	silm
Smaug	smaug.png	hobbit
Theoden	theoden.png	lotr
Theodred	theodred.png	ut
Thingol	thingol.png	silm,ut
Thorin	thorin.png	ut
Thorin's Company	thorins-company.png	hobbit
Tuor	tuor.png	silm,ut
Turgon	turgon.png	silm,ut
Turin	turin.png	silm,ut
Veantur	veantur.png	ut
Voronwe	voronwe.png	ut
Witch-king	witch-king.png	ut
Finarfin	finarfin.png	silm
Finwe	finwe.png	silm
Ingwe	ingwe.png	silm
Olwe	olwe.png	silm
Ungoliant	ungoliant.png	silm
Gwaihir	gwaihir.png	hobbit,lotr
Beorn	beorn.png	hobbit
Thranduil	thranduil.png	hobbit
Dain	dain.png	hobbit
Tom Bombadil	tom-bombadil.png	lotr
Goldberry	goldberry.png	lotr
Butterbur	butterbur.png	lotr
Glorfindel	glorfindel.png	lotr,silm
Arwen	arwen.png	lotr
Elladan and Elrohir	elladan-and-elrohir.png	lotr
Haldir	haldir.png	lotr
Treebeard	treebeard.png	lotr
Shelob	shelob.png	lotr
Beregond	beregond.png	lotr
Halbarad	halbarad.png	lotr
Imrahil	imrahil.png	lotr
Ghan-buri-Ghan	ghan-buri-ghan.png	lotr
Mouth of Sauron	mouth-of-sauron.png	lotr
Manwe	manwe.png	silm
Varda	varda.png	silm
Ulmo	ulmo.png	silm,ut
Aule	aule.png	silm
Yavanna	yavanna.png	silm
Orome	orome.png	silm
Mandos	mandos.png	silm
Nienna	nienna.png	silm
Tulkas	tulkas.png	silm
Irmo	irmo.png	silm
Este	este.png	silm
Vaire	vaire.png	silm
Nessa	nessa.png	silm
Vana	vana.png	silm
Eonwe	eonwe.png	silm
Osse	osse.png	silm
Uinen	uinen.png	silm
Miriel	miriel.png	silm
Indis	indis.png	silm
Amras	amras.png	silm
Gothmog	gothmog.png	silm
Thorondor	thorondor.png	silm
Huan	huan.png	silm
Ecthelion	ecthelion.png	silm,ut
Haleth	haleth.png	silm
Gorlim	gorlim.png	silm
Daeron	daeron.png	silm
Carcharoth	carcharoth.png	silm
Ancalagon	ancalagon.png	silm
Tar-Miriel	tar-miriel.png	silm
