Aegnor	Noldorin elf prince, fierce eyes, flame-colored hair, light armor
Aerin	Mortal woman of Dor-lomin, worn face, plain headscarf
Aldarion	Numenorean mariner king, salt-streaked beard, sea-captain's cloak, ship brooch
Amandil	Elderly Numenorean lord, white beard, star-of-Andunie circlet
Amras	Young russet-haired Noldorin elf hunter, twin of Amrod, bow
Amrod	Young Noldorin elf, russet hair, hunter's hood
Amroth	Silvan elf king of Lorien, golden hair, leaf-shaped circlet
Anarion	Numenorean warrior, dark beard, tall crowned helm with sun motif
Ancalagon	Colossal black dragon head, winged, fire in the jaws
Ancalime	Numenorean queen, proud chin, high collar, small crown
Angrod	Noldorin elf lord, braided dark hair, scarred cheek, mail collar
Annael	Grey-elf, weathered face, fur-trimmed hood
Ar-Pharazon	Numenorean tyrant king, gold crown, cruel mouth, gilded armor
Aragorn	Ranger, stubbled, dark shoulder-length hair, hooded grey cloak, star brooch
Aredhel	Noldorin elf lady in white, dark hair, silver circlet
Arwen	Dark-haired elf maiden, grey eyes, silver circlet, grey mantle
Aule	Smith of the Valar, broad shoulders, red beard, hammer, leather apron
Barahir	Outlaw chieftain of Dorthonion, ragged beard, ring on a cord
Bard	Grim archer of Lake-town, dark beard, bow over shoulder
Beleg	Elf marchwarden, keen eyes, great bow, green hood
Beor	Old mortal chieftain, grey braided beard, fur mantle
Beorn	Huge black-bearded man, bear-skin, thick arms, scowl
Beregond	Guard of the Citadel, black and silver livery, winged helm, honest face
Beren	Mortal hero, gaunt, missing right hand, wolf-pelt cloak
Bilbo	Elderly hobbit, curly grey hair, waistcoat, round cheerful face
Boromir	Gondorian captain, auburn hair and beard, great horn on baldric
Brandir	Lame woodsman chieftain of Brethil, crutch, gentle face
Butterbur	Fat bald innkeeper, red face, apron, flustered
Caranthir	Dark-faced Noldorin elf, black hair, scowl, dark red tunic
Carcharoth	Monstrous black wolf head, red jaws, burning eyes
Celeborn	Tall silver-haired elf lord, grey robe
Celebrimbor	Elf smith, dark hair tied back, leather apron, hammer
Celegorm	Fair-haired Noldorin elf hunter with a great hound at his shoulder
Cirdan	Ancient elf shipwright with a long beard, sea-grey robe
Cirion	Aged Steward of Gondor, white hair, black and silver robe, no crown
Curufin	Sharp-featured Noldorin elf, dark hair, smith's circlet, sly look
Daeron	Elf minstrel of Doriath, dark hair, flute, melancholy
Dain	Dwarf-lord of the Iron Hills, red braided beard, iron helm, axe
Denethor	Steward of Gondor, grey-black hair, hollow eyes, black robe, white rod
Denethor of the Laiquendi	Green-elf king, leaf crown, wood-brown garb
Dior	Half-elven king of Doriath, dark hair, white gem on brow
Dwarves	Dwarf of Belegost, braided forked beard, iron mask-helm
Earendil	Elf-mariner, shining star on brow, white robe, silver hair
Ecthelion	Elf lord of the Fountain, silver helm with a tall spike, blue and silver
Elendil	Tall Numenorean king, long grey beard, winged helm
Elendur	Young Numenorean prince, dark hair, plain helm
Elfhelm	Rider of Rohan marshal, blond braids, horse-tail helm
Elladan and Elrohir	Twin dark-haired elves side by side, identical, grey cloaks
Elrond	Dark-haired half-elven lord, silver circlet, grave face
Elros	First king of Numenor, dark hair, simple gold circlet
Elwing	Elf maiden with a white seabird on her shoulder, dark hair
Eol	Dark elf smith, black hair, black mail, hostile stare
Eomer	Rider of Rohan, blond beard, horse-crest helm
Eonwe	Herald of Manwe, winged helm, bright banner, armor of white and gold
Eorl	Young golden-haired horse-lord, fur cloak, spear
Eowyn	Shieldmaiden of Rohan, long golden hair, mail shirt, stern
Erendis	Numenorean lady, dark hair in a braid, pearl at throat, sad eyes
Erkenbrand	Old Rohan lord, red-grey beard, round shield
Este	Healer of hurts, grey robe, calm face, closed eyes, pale lilies
Faramir	Gondorian ranger captain, dark hair, grey-green hood, thoughtful
Feanor	Fiery Noldorin elf, black hair, burning eyes, jeweled circlet
Finarfin	Golden-haired Noldorin king, gentle, gold circlet
Finduilas	Golden-haired elf maiden of Nargothrond, flowers in hair
Fingolfin	Noldorin high king, dark hair, tall silver helm, blue mantle
Fingon	Noldorin elf, dark braided hair with gold ribbons, bold grin
Finrod	Golden-haired Noldorin king, green and gold, harp
Finwe	First king of the Noldor, dark hair, tall silver crown, dignified
Frodo	Young hobbit, dark curly hair, blue eyes, cloak with leaf brooch
Galadriel	Golden-haired elf queen, white robe, serene
Gandalf	Grey wizard, long grey beard, pointed blue hat
Ghan-buri-Ghan	Wild Man of the woods, squat, flat face, grass skirt, stone-tipped spear
Gil-galad	Elf high king, dark hair, star-blazoned helm, spear
Gimli	Dwarf, braided red beard, horned helm
Glaurung	Golden dragon head, no wings, cold eyes
Glorfindel	Golden-haired elf lord, radiant, white and gold, noble
Goldberry	River-daughter, golden hair, gown green as reeds, water lilies
Gollum	Pale wasted creature, huge eyes, few hairs, hunched
Gorlim	Haggard outlaw of Dorthonion, hollow eyes, grief
Gothmog	Lord of Balrogs, shadow and flame, horned head, burning eyes, whip
Grima	Pale sly man, lank black hair, sunken eyes, fur collar
Grimbold	Rohan captain, grey beard, dented helm
Gwaihir	Windlord, great grey eagle head, piercing eye
Gwindor	Maimed elf of Nargothrond, grey-streaked hair, haunted
Hador	Golden-haired mortal lord, fur cloak, warrior braid
Haladin	Mortal woman warrior of the Haladin, dark hair, axe
Halbarad	Dunedain ranger, grey cloak, star brooch, grim weathered face
Haldir	Marchwarden of Lorien, silver-blond hair, grey-green cloak, bow
Haleth	Mortal woman chieftain, dark cropped hair, axe, fierce
Huan	Great wolfhound of Valinor, grey, noble, intelligent eyes
Huor	Tall mortal youth, dark hair, blue cloak
Hurin	Mortal lord, short, dark beard, dragon-helm with golden crest
Idril	Elf princess, golden hair, silver circlet
Imrahil	Prince of Dol Amroth, dark hair, silver swan-ship helm, blue and silver
Indis	Vanyarin elf lady, golden hair, tall, serene, pale circlet
Ingwe	High king of the Vanyar, golden hair, white robe, serene
Irmo	Master of dreams, soft violet robe, half-closed eyes, poppy flowers
Isildur	Numenorean prince, dark beard, winged helm, fierce
Lalaith	Small mortal girl with flowers in her hair, laughing
Legolas	Blond elf archer, green hood, quiver
Luthien	Dark-haired elf maiden, nightingale, blue cloak
Mablung	Elf captain of Doriath, grey hood, spear
Maedhros	Tall red-haired Noldorin elf, missing right hand, grim
Maeglin	Dark-haired elf, pale, black armor, sullen
Maglor	Noldorin elf singer, dark hair, harp, sorrowful
Mandos	Judge of the Dead, grey hooded robe, stern pale face, grave eyes
Manwe	Lord of the Valar, sky-blue robe, white hair, eagle on shoulder, eyes like the sky
Marach	Tall mortal chieftain, yellow beard, fur mantle
Melian	Maia queen, dark hair, veil, grey robe, otherworldly glow
Meneldur	Numenorean star-gazing king, white beard, astrolabe
Merry	Hobbit, brown curls, green cloak, Rohan helm
Mim	Petty-dwarf, bald, long grey beard, bitter face
Miriel	Noldorin elf lady, silver hair, needle and thread, weary gentle face
Morgoth	Dark lord, iron crown with three jewels, burned face
Morwen	Stern mortal lady, dark hair, grey cloak, proud
Mouth of Sauron	Tall man in black, mouth too wide, no visible eyes, high black helm
Nessa	Dancer of the Valar, deer-brown hair in motion, light tunic, deer antlers behind
Nienna	Lady of mourning, grey veil, tears on her cheeks, bowed head
Nienor	Golden-haired mortal maiden, troubled eyes
Nimrodel	Silvan elf maiden, silver hair, water lilies
Ohtar	Numenorean squire, young, carrying a broken sword
Olwe	King of the Teleri, silver hair, swan-prow brooch, sea-blue robe
Orodreth	Fair-haired Noldorin elf king, worried face, circlet
Orome	Huntsman of the Valar, wild dark hair, great horn, antlered helm
Osse	Spirit of the waves, wild sea-green hair like spray, stormy eyes, shell armor
Pippin	Youngest hobbit, curly chestnut hair, Gondor black-and-silver livery
Sador	Old lame mortal servant, wood-carver, kindly
Saeros	Haughty elf of Doriath, sneer, fine robe
Sam	Sturdy hobbit, sandy hair, gardener's apron
Saruman	White wizard, long white beard, white robe, staff, cold eyes
Sauron	Dark lord in spiked black helm, burning eyes
Shelob	Giant spider head, clustered pale eyes, hairy black legs
Smaug	Red-gold dragon head, smoke, greedy eyes
Tar-Miriel	Numenorean queen, dark hair, silver crown, sorrowful dignity
Theoden	Old king of Rohan, white beard, gold circlet, horse-crest helm
Theodred	Rohan prince, blond, young, helm with horse crest
Thingol	Grey-elf king, silver hair, tall crown, grey mantle
Thorin	Dwarf king, long black beard with silver, blue hood, keys
Thorin's Company	Dwarf crowd: several bearded dwarves in colored hoods
Thorondor	King of Eagles, huge golden-brown eagle head, fierce eye
Thranduil	Elvenking of Mirkwood, golden hair, crown of autumn leaves and berries, haughty
Tom Bombadil	Merry old man, blue coat, yellow boots, battered hat with blue feather, red face
Treebeard	Ent: bark-skinned face, beard of twigs and moss, deep brown eyes
Tulkas	Champion of the Valar, golden hair and beard, laughing, bare brawny shoulders
Tuor	Mortal man with swan-winged helm, blond hair
Turgon	Noldorin king of Gondolin, dark hair, white and gold crown
Turin	Grim dark-haired mortal, black sword, dragon-helm
Uinen	Lady of the seas, long hair spreading like weed, sad kind face, pearls
Ulmo	Lord of waters, sea-green beard like foam, fish-scale mail, water-crown
Ungoliant	Monstrous black spider, many eyes, drinking light
Vaire	The Weaver, dark robe woven with scenes, spindle, keen eyes
Vana	The ever-young, girlish golden hair, spring flowers, bright smile
Varda	Queen of the stars, black hair with stars in it, silver robe, serene face
Veantur	Old Numenorean sea-captain, white beard, weathered
Voronwe	Elf mariner, sea-grey cloak, salt-stained
Witch-king	Nazgul: empty hood, iron crown floating, no face
Yavanna	Giver of fruits, green robe, hair of golden corn and leaves, crown of flowers
